{
  "Light": {
      "White": {
      "W": 1,
      "X": 1,
      "Y": 1,
      "Z": 1
    },
    "Black": {
      "W": 1,
      "X": 0,
      "Y": 0,
      "Z": 0
    },
    "Red": {
        "W": 1,
        "X": 1,
        "Y": 0.23137254901960785,
        "Z": 0.18823529411764706
      },
    "Orange": {
        "W": 1,
        "X": 1,
        "Y": 0.58431372549019611,
        "Z": 0
      },
      "Yellow": {
        "W": 1,
        "X": 1,
        "Y": 0.80000000000000004,
        "Z": 0
      },
      "Green": {
        "W": 1,
        "X": 0.20392156862745098,
        "Y": 0.7803921568627451,
        "Z": 0.34901960784313724
      },
      "Mint": {
        "W": 1,
        "X": 0,
        "Y": 0.7803921568627451,
        "Z": 0.74509803921568629
      },
      "Teal": {
        "W": 1,
        "X": 0.18823529411764706,
        "Y": 0.69019607843137254,
        "Z": 0.7803921568627451
      },
      "Cyan": {
        "W": 1,
        "X": 0.19607843137254902,
        "Y": 0.67843137254901964,
        "Z": 0.90196078431372551
      },
      "Blue": {
        "W": 1,
        "X": 0,
        "Y": 0.47843137254901963,
        "Z": 1
      },
      "Indigo": {
        "W": 1,
        "X": 0.34509803921568627,
        "Y": 0.33725490196078434,
        "Z": 0.83921568627450982
      },
      "Purple": {
        "W": 1,
        "X": 0.68627450980392157,
        "Y": 0.32156862745098042,
        "Z": 0.87058823529411766
      },
      "Pink": {
        "W": 1,
        "X": 1,
        "Y": 0.17647058823529413,
        "Z": 0.33333333333333331
      },
      "Brown": {
        "W": 1,
        "X": 0.63529411764705879,
        "Y": 0.51764705882352946,
        "Z": 0.36862745098039218
      },
      "Gray": {
        "W": 1,
        "X": 0.55686274509803924,
        "Y": 0.55686274509803924,
        "Z": 0.57647058823529407
      },
      "Gray 2": {
        "W": 1,
        "X": 0.68235294117647061,
        "Y": 0.68235294117647061,
        "Z": 0.69803921568627447
      },
      "Gray 3": {
        "W": 1,
        "X": 0.7803921568627451,
        "Y": 0.7803921568627451,
        "Z": 0.80000000000000004
      },
      "Gray 4": {
        "W": 1,
        "X": 0.81960784313725488,
        "Y": 0.81960784313725488,
        "Z": 0.83921568627450982
      },
      "Gray 5": {
        "W": 1,
        "X": 0.89803921568627454,
        "Y": 0.89803921568627454,
        "Z": 0.91764705882352937
      },
      "Gray 6": {
        "W": 1,
        "X": 0.94901960784313721,
        "Y": 0.94901960784313721,
        "Z": 0.96862745098039216
      },
    "Primary Fill" : {
    "W" : 0.20000000000000001,
    "X" : 0.47058823529411764,
    "Y" : 0.47058823529411764,
    "Z" : 0.50196078431372548
  },
    "Secondary Fill" : {
    "W" : 0.16,
    "X" : 0.47058823529411764,
    "Y" : 0.47058823529411764,
    "Z" : 0.50196078431372548
  },
    "Tertiary Fill" : {
    "W" : 0.12,
    "X" : 0.47058823529411764,
    "Y" : 0.47058823529411764,
    "Z" : 0.50196078431372548
  }
,
    "Quarternary Fill" : {
    "W" : 0.080000000000000002,
    "X" : 0.45490196078431372,
    "Y" : 0.45490196078431372,
    "Z" : 0.50196078431372548
  },
    "Secondary Label" : {
    "W" : 0.59999999999999998,
    "X" : 0.23529411764705882,
    "Y" : 0.23529411764705882,
    "Z" : 0.29803921568627451
  },
    "Tertiary Label" : {
    "W" : 0.29999999999999999,
    "X" : 0.23529411764705882,
    "Y" : 0.23529411764705882,
    "Z" : 0.29803921568627451
  }
,
    "Quarternary Label" : {
    "W" : 0.17999999999999999,
    "X" : 0.23529411764705882,
    "Y" : 0.23529411764705882,
    "Z" : 0.29803921568627451
  },
    "Disabled" : {
    "W" : 1,
    "X" : 0.59999999999999998,
    "Y" : 0.59999999999999998,
    "Z" : 0.59999999999999998
  }
  },
  "Dark": {
  "White": {
      "W": 1,
      "X": 1,
      "Y": 1,
      "Z": 1
    },
    "Black": {
      "W": 1,
      "X": 0,
      "Y": 0,
      "Z": 0
    },
    "Red": {
      "W": 1,
      "X": 1,
      "Y": 0.27058823529411763,
      "Z": 0.22745098039215686
    },
    "Orange": {
      "W": 1,
      "X": 1,
      "Y": 0.62352941176470589,
      "Z": 0.039215686274509803
    },
    "Yellow": {
      "W": 1,
      "X": 1,
      "Y": 0.83921568627450982,
      "Z": 0.039215686274509803
    },
    "Green": {
      "W": 1,
      "X": 0.18823529411764706,
      "Y": 0.81960784313725488,
      "Z": 0.34509803921568627
    },
    "Mint": {
      "W": 1,
      "X": 0.40000000000000002,
      "Y": 0.83137254901960789,
      "Z": 0.81176470588235294
    },
    "Teal": {
      "W": 1,
      "X": 0.25098039215686274,
      "Y": 0.78431372549019607,
      "Z": 0.8784313725490196
    },
    "Cyan": {
      "W": 1,
      "X": 0.39215686274509803,
      "Y": 0.82352941176470584,
      "Z": 1
    },
    "Blue": {
      "W": 1,
      "X": 0.039215686274509803,
      "Y": 0.51764705882352946,
      "Z": 1
    },
    "Indigo": {
      "W": 1,
      "X": 0.36862745098039218,
      "Y": 0.36078431372549019,
      "Z": 0.90196078431372551
    },
    "Purple": {
      "W": 1,
      "X": 0.74901960784313726,
      "Y": 0.35294117647058826,
      "Z": 0.94901960784313721
    },
    "Pink": {
      "W": 1,
      "X": 1,
      "Y": 0.21568627450980393,
      "Z": 0.37254901960784315
    },
    "Brown": {
      "W": 1,
      "X": 0.67450980392156867,
      "Y": 0.55686274509803924,
      "Z": 0.40784313725490196
    },
    "Gray": {
      "W": 1,
      "X": 0.55686274509803924,
      "Y": 0.55686274509803924,
      "Z": 0.57647058823529407
    },
    "Gray 2": {
      "W": 1,
      "X": 0.38823529411764707,
      "Y": 0.38823529411764707,
      "Z": 0.40000000000000002
    },
    "Gray 3": {
      "W": 1,
      "X": 0.28235294117647058,
      "Y": 0.28235294117647058,
      "Z": 0.29019607843137257
    },
    "Gray 4": {
      "W": 1,
      "X": 0.22745098039215686,
      "Y": 0.22745098039215686,
      "Z": 0.23529411764705882
    },
    "Gray 5": {
      "W": 1,
      "X": 0.17254901960784313,
      "Y": 0.17254901960784313,
      "Z": 0.1803921568627451
    },
    "Gray 6": {
      "W": 1,
      "X": 0.10980392156862745,
      "Y": 0.10980392156862745,
      "Z": 0.11764705882352941
    },
    "Primary Fill" : {
    "W" : 0.35999999999999999,
    "X" : 0.47058823529411764,
    "Y" : 0.47058823529411764,
    "Z" : 0.50196078431372548
  },
    "Secondary Fill" : {
    "W" : 0.29999999999999999,
    "X" : 0.47058823529411764,
    "Y" : 0.47058823529411764,
    "Z" : 0.50196078431372548
  },
    "Tertiary Fill" : {
    "W" : 0.23999999999999999,
    "X" : 0.47058823529411764,
    "Y" : 0.47058823529411764,
    "Z" : 0.50196078431372548
  }
,
    "Quarternary Fill" : {
    "W" : 0.17999999999999999,
    "X" : 0.45490196078431372,
    "Y" : 0.45490196078431372,
    "Z" : 0.50196078431372548
  },
    "Secondary Label" : {
    "W" : 0.59999999999999998,
    "X" : 0.92156862745098034,
    "Y" : 0.92156862745098034,
    "Z" : 0.96078431372549022
  },
    "Tertiary Label" : {
    "W" : 0.29999999999999999,
    "X" : 0.92156862745098034,
    "Y" : 0.92156862745098034,
    "Z" : 0.96078431372549022
  }
,
    "Quarternary Label" : {
    "W" : 0.16,
    "X" : 0.92156862745098034,
    "Y" : 0.92156862745098034,
    "Z" : 0.96078431372549022
  },
    "Disabled" : {
    "W" : 1,
    "X" : 0.45882352941176469,
    "Y" : 0.45882352941176469,
    "Z" : 0.45882352941176469
  }
  }
}